epoch,time,train/box_loss,train/cls_loss,train/dfl_loss,metrics/precision(B),metrics/recall(B),metrics/mAP50(B),metrics/mAP50-95(B),val/box_loss,val/cls_loss,val/dfl_loss,lr/pg0,lr/pg1,lr/pg2
1,99.9889,0.6478,3.9317,1.06357,0.0015,1,0.995,0.85066,0.43938,5.28058,1.03506,0.000515976,0.000515976,0.000515976
2,189.654,0.65226,3.44529,1.04564,0.00156,1,0.72567,0.60267,0.46238,5.45953,0.96666,0.00106457,0.00106457,0.00106457
3,280.326,0.77318,2.81122,1.07756,1,0.4098,0.9775,0.79058,0.6337,5.63465,1.0346,0.00160583,0.00160583,0.00160583
4,370.043,0.68564,2.59712,0.99214,0.61668,0.57143,0.79375,0.41056,1.1937,5.63378,2.0277,0.00163399,0.00163399,0.00163399
5,461.876,0.72666,2.336,1.02823,0.81052,0.85714,0.82789,0.35249,1.09417,6.18681,1.43618,0.00162299,0.00162299,0.00162299
6,549.575,0.70742,2.18424,1.03262,0.48307,1,0.58688,0.36435,0.86401,6.30916,1.42798,0.00161199,0.00161199,0.00161199
7,640.845,0.71664,2.04871,1.03215,0.96951,0.85714,0.90167,0.774,0.63176,3.63803,1.01522,0.00160099,0.00160099,0.00160099
8,730.713,0.72178,1.89489,1.0127,0.63266,0.98543,0.86985,0.75531,0.58315,4.23987,1.02642,0.00158998,0.00158998,0.00158998
9,817.754,0.6923,1.55851,1.01325,0.97711,0.85714,0.96389,0.86956,0.55455,4.35107,0.97261,0.00157898,0.00157898,0.00157898
10,906.118,0.66713,1.62068,0.99468,0.66658,0.85685,0.68367,0.63167,0.51986,3.13737,0.98634,0.00156798,0.00156798,0.00156798
11,992.973,0.67819,1.52763,1.00856,0.98329,1,0.995,0.85424,0.49129,2.35886,1.09353,0.00155698,0.00155698,0.00155698
12,1082.02,0.61571,1.34471,0.99552,0.97243,1,0.995,0.89519,0.47416,2.42484,0.95051,0.00154598,0.00154598,0.00154598
13,1171.26,0.60789,1.23964,0.95577,0.81391,1,0.92375,0.85054,0.46502,2.6363,0.93534,0.00153497,0.00153497,0.00153497
14,1260.55,0.58973,1.14513,0.94853,0.61665,1,0.85318,0.75033,0.54044,2.38088,1.05852,0.00152397,0.00152397,0.00152397
15,1350.13,0.65345,1.16934,0.97605,0.9684,1,0.995,0.94667,0.38559,2.09755,0.87338,0.00151297,0.00151297,0.00151297
16,1437.71,0.64205,1.13434,0.9864,0.99073,1,0.995,0.93009,0.41755,1.26338,0.87939,0.00150197,0.00150197,0.00150197
17,1525.56,0.52777,0.96093,0.93171,0.99253,1,0.995,0.9265,0.42345,1.08826,0.8889,0.00149096,0.00149096,0.00149096
18,1615.73,0.55344,0.96161,0.94971,0.99298,1,0.995,0.967,0.45241,1.16254,0.89395,0.00147996,0.00147996,0.00147996
19,1706.33,0.52818,0.90576,0.92409,0.99331,1,0.995,0.917,0.45776,1.05234,0.91832,0.00146896,0.00146896,0.00146896
20,1792.98,0.57621,0.91261,0.96279,0.98773,1,0.995,0.941,0.48403,1.03036,0.89215,0.00145796,0.00145796,0.00145796
21,1884.13,0.54661,0.79973,0.96321,0.99193,1,0.995,0.84949,0.54575,0.9453,1.1376,0.00144696,0.00144696,0.00144696
22,1972.05,0.52528,0.68738,0.9286,0.99291,1,0.995,0.88354,0.43891,0.89553,0.90692,0.00143595,0.00143595,0.00143595
23,2060.87,0.59406,0.90392,0.94802,0.99253,1,0.995,0.8579,0.5627,0.87784,0.93237,0.00142495,0.00142495,0.00142495
24,2149.03,0.5439,0.76501,0.95225,0.61013,1,0.89467,0.8388,0.45148,2.58446,0.89566,0.00141395,0.00141395,0.00141395
25,2235.52,0.56294,0.69967,0.92466,0.8224,0.85714,0.96389,0.86386,0.59569,2.005,1.13602,0.00140295,0.00140295,0.00140295
26,2323.39,0.56263,0.66815,0.96441,0.96572,1,0.995,0.89792,0.51107,1.18143,0.96306,0.00139195,0.00139195,0.00139195
27,2410.16,0.6286,0.75836,0.9833,0.98244,1,0.995,0.89792,0.46035,0.90693,0.89488,0.00138094,0.00138094,0.00138094
28,2503.47,0.55877,0.66104,0.94221,0.92654,1,0.995,0.892,0.50664,1.13684,0.89865,0.00136994,0.00136994,0.00136994
29,2592.83,0.53507,0.59368,0.94822,0.98526,1,0.995,0.92036,0.40652,0.64777,0.95761,0.00135894,0.00135894,0.00135894
30,2692.07,0.52188,0.58488,0.9366,0.99145,1,0.995,0.88321,0.46646,0.6713,0.93341,0.00134794,0.00134794,0.00134794
31,2823.29,0.53793,0.64774,0.95687,0.99197,1,0.995,0.9069,0.47883,0.64417,0.8911,0.00133693,0.00133693,0.00133693
32,2921.72,0.4798,0.51763,0.89744,0.87041,1,0.995,0.91,0.46025,0.79136,0.88121,0.00132593,0.00132593,0.00132593
33,3052.76,0.47344,0.50286,0.91329,0.86823,1,0.9775,0.894,0.3641,0.98209,0.84283,0.00131493,0.00131493,0.00131493
34,3169.72,0.5305,0.54845,0.8954,0.98064,1,0.995,0.89479,0.45769,0.67613,0.87699,0.00130393,0.00130393,0.00130393
35,3258.96,0.5059,0.54265,0.94003,0.97973,1,0.995,0.96217,0.35408,0.5979,0.82295,0.00129293,0.00129293,0.00129293
36,3348.33,0.45434,0.5027,0.89892,0.96486,1,0.995,0.93537,0.35957,0.61124,0.83386,0.00128192,0.00128192,0.00128192
37,3436.19,0.43222,0.49096,0.90597,0.99312,1,0.995,0.924,0.3647,0.49532,0.84487,0.00127092,0.00127092,0.00127092
38,3525.3,0.43168,0.4275,0.89193,0.99313,1,0.995,0.92836,0.34583,0.43718,0.83161,0.00125992,0.00125992,0.00125992
39,3614.71,0.44674,0.4494,0.8977,0.99296,1,0.995,0.9069,0.38715,0.42427,0.84051,0.00124892,0.00124892,0.00124892
40,3705,0.45082,0.47703,0.90395,0.96772,1,0.995,0.9156,0.37087,0.5214,0.83618,0.00123791,0.00123791,0.00123791
41,3794.61,0.48258,0.47859,0.91293,0.99275,1,0.995,0.9472,0.29619,0.43674,0.8081,0.00122691,0.00122691,0.00122691
42,3883.49,0.42548,0.42906,0.91556,0.99313,1,0.995,0.9515,0.3094,0.41976,0.83298,0.00121591,0.00121591,0.00121591
43,3973.68,0.43783,0.48074,0.89953,0.9933,1,0.995,0.91357,0.37277,0.41439,0.85901,0.00120491,0.00120491,0.00120491
44,4064.98,0.45503,0.45147,0.91855,0.98973,1,0.995,0.89386,0.38454,0.41234,0.84167,0.00119391,0.00119391,0.00119391
45,4155,0.47709,0.45757,0.91614,0.99313,1,0.995,0.94657,0.35107,0.49633,0.81193,0.0011829,0.0011829,0.0011829
46,4246.37,0.43801,0.41041,0.90095,0.99316,1,0.995,0.9345,0.33084,0.37694,0.83847,0.0011719,0.0011719,0.0011719
47,4336.12,0.449,0.44279,0.90241,0.99336,1,0.995,0.9575,0.34538,0.41489,0.82832,0.0011609,0.0011609,0.0011609
48,4425.62,0.43275,0.39801,0.8947,0.99331,1,0.995,0.941,0.30229,0.35575,0.84847,0.0011499,0.0011499,0.0011499
49,4512.43,0.39753,0.38481,0.88887,0.99151,1,0.995,0.92533,0.34328,0.38511,0.83521,0.00113889,0.00113889,0.00113889
50,4601,0.41788,0.38204,0.89501,0.98713,1,0.995,0.94809,0.30845,0.41109,0.81806,0.00112789,0.00112789,0.00112789
51,4689.71,0.49033,0.43501,0.92383,0.98555,1,0.995,0.92836,0.37839,0.38678,0.89279,0.00111689,0.00111689,0.00111689
52,4778.79,0.42103,0.41022,0.88669,0.99267,1,0.995,0.9268,0.35209,0.34518,0.85299,0.00110589,0.00110589,0.00110589
53,4865.42,0.45402,0.46584,0.90101,0.98937,1,0.995,0.94307,0.35132,0.36303,0.8429,0.00109489,0.00109489,0.00109489
54,4954.61,0.4787,0.41331,0.91873,0.9908,1,0.995,0.953,0.3669,0.37159,0.84022,0.00108388,0.00108388,0.00108388
55,5044.04,0.43287,0.43605,0.92921,0.99205,1,0.995,0.979,0.33814,0.35443,0.81986,0.00107288,0.00107288,0.00107288
56,5131.79,0.43085,0.42072,0.9121,0.99274,1,0.995,0.979,0.34985,0.37093,0.84029,0.00106188,0.00106188,0.00106188
57,5227.82,0.40027,0.3696,0.86112,0.99277,1,0.995,0.95521,0.27725,0.32151,0.83491,0.00105088,0.00105088,0.00105088
58,5318.78,0.41983,0.40738,0.91399,0.99259,1,0.995,0.97286,0.2781,0.34344,0.80199,0.00103987,0.00103987,0.00103987
59,5409.15,0.46442,0.40868,0.91398,0.99329,1,0.995,0.91675,0.38504,0.34261,0.86468,0.00102887,0.00102887,0.00102887
60,5506.37,0.45405,0.40121,0.89697,0.99309,1,0.995,0.93595,0.31437,0.30884,0.84011,0.00101787,0.00101787,0.00101787
61,5597.26,0.44833,0.41462,0.92116,0.99313,1,0.995,0.92957,0.33298,0.31089,0.81522,0.00100687,0.00100687,0.00100687
62,5685.54,0.39041,0.35507,0.90867,0.99312,1,0.995,0.97486,0.23936,0.25655,0.80574,0.000995866,0.000995866,0.000995866
63,5772.49,0.35706,0.3301,0.8819,0.99322,1,0.995,0.995,0.24604,0.27027,0.7858,0.000984864,0.000984864,0.000984864
64,5860.34,0.39295,0.34181,0.88852,0.99314,1,0.995,0.95071,0.30862,0.23945,0.8419,0.000973861,0.000973861,0.000973861
65,5948.16,0.36661,0.34343,0.89787,0.99312,1,0.995,0.9544,0.26272,0.26459,0.79091,0.000962859,0.000962859,0.000962859
66,6037.14,0.424,0.46862,0.90578,0.99288,1,0.995,0.95521,0.27263,0.27225,0.80628,0.000951857,0.000951857,0.000951857
67,6126.53,0.36359,0.32014,0.88125,0.99296,1,0.995,0.963,0.30548,0.28462,0.8337,0.000940855,0.000940855,0.000940855
68,6216.49,0.40322,0.36653,0.9167,0.99319,1,0.995,0.91371,0.40146,0.30176,0.82979,0.000929853,0.000929853,0.000929853
69,6306.3,0.41544,0.37957,0.90995,0.99316,1,0.995,0.91233,0.38151,0.30839,0.82223,0.00091885,0.00091885,0.00091885
70,6395.01,0.35421,0.31977,0.88012,0.99328,1,0.995,0.92836,0.30119,0.25655,0.81432,0.000907848,0.000907848,0.000907848
71,6503.26,0.39728,0.36881,0.89253,0.99313,1,0.995,0.97486,0.30105,0.28518,0.82005,0.000896846,0.000896846,0.000896846
72,6593.37,0.36329,0.3542,0.89244,0.99304,1,0.995,0.977,0.2559,0.27594,0.82287,0.000885844,0.000885844,0.000885844
73,6681.16,0.4307,0.38187,0.90866,0.9932,1,0.995,0.977,0.2975,0.28743,0.81977,0.000874842,0.000874842,0.000874842
74,6772.22,0.3633,0.31535,0.87482,0.99316,1,0.995,0.97486,0.30897,0.28667,0.81679,0.000863839,0.000863839,0.000863839
75,6861.71,0.37548,0.30929,0.88461,0.99317,1,0.995,0.95171,0.33175,0.3013,0.80555,0.000852837,0.000852837,0.000852837
76,6948.68,0.37065,0.31282,0.87592,0.99324,1,0.995,0.979,0.30504,0.29337,0.83886,0.000841835,0.000841835,0.000841835
77,7038.98,0.35394,0.29345,0.89546,0.99332,1,0.995,0.9572,0.29902,0.27992,0.84499,0.000830833,0.000830833,0.000830833
78,7126.72,0.35457,0.30904,0.88733,0.99336,1,0.995,0.9544,0.25627,0.24932,0.80367,0.000819831,0.000819831,0.000819831
79,7215.7,0.35075,0.29444,0.88607,0.99331,1,0.995,0.977,0.24124,0.26012,0.79046,0.000808828,0.000808828,0.000808828
80,7321.98,0.37603,0.3445,0.88506,0.99326,1,0.995,0.97286,0.26746,0.29099,0.81297,0.000797826,0.000797826,0.000797826
81,7416.54,0.3971,0.33216,0.89333,0.9933,1,0.995,0.95071,0.31051,0.26921,0.81953,0.000786824,0.000786824,0.000786824
82,7506.2,0.34881,0.2807,0.86835,0.99326,1,0.995,0.97086,0.23959,0.25089,0.79042,0.000775822,0.000775822,0.000775822
83,7594.17,0.40053,0.31891,0.89378,0.99321,1,0.995,0.97486,0.25611,0.26355,0.80313,0.00076482,0.00076482,0.00076482
84,7681.15,0.34227,0.29505,0.86652,0.99316,1,0.995,0.9575,0.2678,0.22786,0.82922,0.000753817,0.000753817,0.000753817
85,7770.38,0.34053,0.29302,0.88446,0.99335,1,0.995,0.995,0.25788,0.24041,0.7888,0.000742815,0.000742815,0.000742815
86,7858.07,0.3749,0.30409,0.89865,0.99345,1,0.995,0.995,0.23645,0.28004,0.7804,0.000731813,0.000731813,0.000731813
87,7951.17,0.381,0.32445,0.89325,0.99313,1,0.995,0.953,0.33495,0.23217,0.8347,0.000720811,0.000720811,0.000720811
88,8038.72,0.35883,0.28675,0.86803,0.99312,1,0.995,0.977,0.28335,0.24525,0.80241,0.000709809,0.000709809,0.000709809
89,8126.66,0.32161,0.28007,0.87865,0.99204,1,0.995,0.94657,0.28351,0.24833,0.80969,0.000698806,0.000698806,0.000698806
90,8214.42,0.38564,0.29126,0.92487,0.9924,1,0.995,0.94657,0.28526,0.24073,0.82088,0.000687804,0.000687804,0.000687804
91,8301.65,0.35874,0.29542,0.87707,0.99323,1,0.995,0.97086,0.25432,0.2052,0.81024,0.000676802,0.000676802,0.000676802
92,8392.61,0.32757,0.28812,0.88238,0.99314,1,0.995,0.97086,0.28628,0.20835,0.80399,0.0006658,0.0006658,0.0006658
93,8479.63,0.35882,0.29795,0.86237,1,1,0.995,0.96879,0.28386,0.21519,0.81296,0.000654798,0.000654798,0.000654798
94,8570.61,0.38191,0.29215,0.88891,1,1,0.995,0.96879,0.23213,0.20725,0.79753,0.000643795,0.000643795,0.000643795
95,8660.89,0.35349,0.27519,0.8859,1,1,0.995,0.97286,0.23168,0.20025,0.79249,0.000632793,0.000632793,0.000632793
96,8748.75,0.33635,0.27322,0.9001,0.99327,1,0.995,0.93737,0.29794,0.20255,0.82309,0.000621791,0.000621791,0.000621791
97,8838.14,0.28683,0.2489,0.84662,0.99322,1,0.995,0.977,0.25174,0.19236,0.81565,0.000610789,0.000610789,0.000610789
98,8925.71,0.32319,0.26276,0.86407,0.99329,1,0.995,0.995,0.24882,0.20202,0.78498,0.000599787,0.000599787,0.000599787
99,9014.61,0.3117,0.26157,0.87307,0.99333,1,0.995,0.94809,0.26493,0.20735,0.79496,0.000588784,0.000588784,0.000588784
100,9106.57,0.32514,0.26236,0.85146,0.99328,1,0.995,0.94657,0.24971,0.20348,0.80677,0.000577782,0.000577782,0.000577782
101,9194.57,0.33782,0.30859,0.8818,1,1,0.995,0.97086,0.28165,0.22207,0.82189,0.00056678,0.00056678,0.00056678
102,9283.45,0.30606,0.28555,0.86727,0.99318,1,0.995,0.94657,0.28287,0.23875,0.81434,0.000555778,0.000555778,0.000555778
103,9370.64,0.32007,0.25898,0.85883,0.9932,1,0.995,0.9544,0.28964,0.23677,0.82837,0.000544776,0.000544776,0.000544776
104,9457.31,0.33383,0.28143,0.88935,1,1,0.995,0.95983,0.27973,0.19942,0.8243,0.000533773,0.000533773,0.000533773
105,9546,0.3241,0.2606,0.86816,0.99326,1,0.995,0.92773,0.36956,0.25675,0.82005,0.000522771,0.000522771,0.000522771
106,9633.06,0.32092,0.28912,0.87233,0.99322,1,0.995,0.95508,0.34623,0.28135,0.81833,0.000511769,0.000511769,0.000511769
107,9724.01,0.27935,0.25759,0.86189,0.99318,1,0.995,0.94657,0.29722,0.2355,0.83057,0.000500767,0.000500767,0.000500767
108,9811.69,0.28263,0.24793,0.85496,0.99319,1,0.995,0.96879,0.2777,0.22158,0.8099,0.000489765,0.000489765,0.000489765
109,9898.95,0.30746,0.27311,0.86806,0.99328,1,0.995,0.97086,0.2519,0.18931,0.78968,0.000478762,0.000478762,0.000478762
110,9987.64,0.2757,0.24126,0.86652,0.99327,1,0.995,0.9515,0.25172,0.20626,0.79694,0.00046776,0.00046776,0.00046776
111,10076.3,0.30198,0.28495,0.88305,0.99339,1,0.995,0.95508,0.26746,0.20829,0.8152,0.000456758,0.000456758,0.000456758
112,10165.9,0.31474,0.25541,0.87132,0.9933,1,0.995,0.97086,0.25555,0.22695,0.80794,0.000445756,0.000445756,0.000445756
113,10253.3,0.34473,0.27643,0.87386,0.99325,1,0.995,0.995,0.28555,0.21533,0.82228,0.000434754,0.000434754,0.000434754
114,10342.8,0.29977,0.26471,0.85157,1,1,0.995,0.97286,0.28569,0.20232,0.84191,0.000423751,0.000423751,0.000423751
115,10430.5,0.31341,0.26985,0.86186,0.99319,1,0.995,0.95508,0.3057,0.21611,0.82215,0.000412749,0.000412749,0.000412749
116,10517.8,0.29848,0.24276,0.85078,0.99317,1,0.995,0.9515,0.25027,0.22616,0.79347,0.000401747,0.000401747,0.000401747
117,10607.4,0.27678,0.25222,0.88136,0.99333,1,0.995,0.95508,0.26315,0.22279,0.80502,0.000390745,0.000390745,0.000390745
118,10694.9,0.27969,0.24152,0.86291,0.99327,1,0.995,0.979,0.26553,0.22196,0.80328,0.000379743,0.000379743,0.000379743
119,10788.2,0.28937,0.24288,0.87002,0.9933,1,0.995,0.995,0.28327,0.20349,0.79214,0.00036874,0.00036874,0.00036874
120,10890.7,0.28228,0.23961,0.8557,0.99335,1,0.995,0.981,0.27517,0.21106,0.79307,0.000357738,0.000357738,0.000357738
121,10997,0.28902,0.2311,0.86348,1,1,0.995,0.96879,0.29504,0.22873,0.82257,0.000346736,0.000346736,0.000346736
122,11084.4,0.28924,0.25301,0.85716,0.9933,1,0.995,0.96879,0.26778,0.19713,0.82081,0.000335734,0.000335734,0.000335734
123,11171.6,0.27486,0.23249,0.83276,0.99335,1,0.995,0.96879,0.26143,0.18829,0.80329,0.000324732,0.000324732,0.000324732
124,11275.5,0.27193,0.24204,0.85754,1,1,0.995,0.96879,0.26235,0.18068,0.7998,0.000313729,0.000313729,0.000313729
125,11370.5,0.2488,0.22864,0.85698,1,1,0.995,0.95171,0.26866,0.18469,0.8067,0.000302727,0.000302727,0.000302727
126,11469.7,0.27522,0.22008,0.85048,1,1,0.995,0.95071,0.26513,0.17931,0.8113,0.000291725,0.000291725,0.000291725
127,11566,0.24974,0.21892,0.83328,1,1,0.995,0.94809,0.2972,0.20065,0.8213,0.000280723,0.000280723,0.000280723
128,11659.2,0.29469,0.24581,0.8133,1,1,0.995,0.94809,0.29939,0.21569,0.82261,0.000269721,0.000269721,0.000269721
129,11752.2,0.26852,0.23513,0.86218,0.99342,1,0.995,0.94809,0.25847,0.2088,0.8101,0.000258718,0.000258718,0.000258718
130,11840,0.29944,0.25457,0.86582,1,1,0.995,0.94809,0.25142,0.19483,0.80786,0.000247716,0.000247716,0.000247716
131,11928.4,0.24579,0.21203,0.859,1,1,0.995,0.96879,0.24125,0.17607,0.80621,0.000236714,0.000236714,0.000236714
132,12017.3,0.23369,0.22081,0.8412,1,1,0.995,0.96879,0.24437,0.16797,0.80949,0.000225712,0.000225712,0.000225712
133,12113.3,0.2611,0.21291,0.85583,1,1,0.995,0.96879,0.22591,0.17763,0.80338,0.00021471,0.00021471,0.00021471
134,12202,0.26313,0.21362,0.85136,1,1,0.995,0.97286,0.23488,0.18593,0.80113,0.000203707,0.000203707,0.000203707
135,12304.2,0.23764,0.24141,0.83829,0.99341,1,0.995,0.96,0.26244,0.18788,0.81124,0.000192705,0.000192705,0.000192705
136,12391.1,0.26659,0.24701,0.87207,0.99337,1,0.995,0.97486,0.26743,0.20018,0.81726,0.000181703,0.000181703,0.000181703
137,12512.8,0.24677,0.21408,0.848,0.99343,1,0.995,0.96879,0.27732,0.20004,0.82071,0.000170701,0.000170701,0.000170701
138,12602.6,0.24458,0.24587,0.86202,0.99344,1,0.995,0.96879,0.26774,0.19117,0.81343,0.000159699,0.000159699,0.000159699
139,12692.2,0.26007,0.2183,0.86656,0.9934,1,0.995,0.96879,0.25957,0.19035,0.80792,0.000148696,0.000148696,0.000148696
140,12800.4,0.25022,0.21023,0.85893,0.99335,1,0.995,0.96879,0.24846,0.18018,0.80771,0.000137694,0.000137694,0.000137694
141,12891.6,0.18664,0.18235,0.76717,0.99332,1,0.995,0.96879,0.22331,0.17556,0.79121,0.000126692,0.000126692,0.000126692
142,12980.1,0.18876,0.1701,0.78869,0.9934,1,0.995,0.96879,0.20632,0.15798,0.78151,0.00011569,0.00011569,0.00011569
143,13066.7,0.20424,0.19007,0.78924,0.99332,1,0.995,0.96879,0.22091,0.16398,0.79277,0.000104688,0.000104688,0.000104688
144,13153.6,0.19722,0.18259,0.78679,0.99329,1,0.995,0.96879,0.22386,0.18023,0.79688,9.36854e-05,9.36854e-05,9.36854e-05
145,13251.4,0.17845,0.18392,0.72605,0.9932,1,0.995,0.96879,0.22998,0.18229,0.79787,8.26832e-05,8.26832e-05,8.26832e-05
146,13366.2,0.18725,0.18087,0.78921,0.99321,1,0.995,0.97086,0.22401,0.17476,0.79273,7.1681e-05,7.1681e-05,7.1681e-05
147,13456.5,0.18001,0.17412,0.82048,0.99325,1,0.995,0.97086,0.21813,0.16013,0.79131,6.06788e-05,6.06788e-05,6.06788e-05
148,13558.7,0.18163,0.17999,0.78193,0.99331,1,0.995,0.97086,0.22042,0.16295,0.79319,4.96766e-05,4.96766e-05,4.96766e-05
149,13647.9,0.19502,0.17815,0.78031,0.9932,1,0.995,0.97086,0.2242,0.16462,0.79899,3.86744e-05,3.86744e-05,3.86744e-05
150,13741.5,0.18424,0.17529,0.83116,0.99328,1,0.995,0.97086,0.22851,0.16176,0.80299,2.76722e-05,2.76722e-05,2.76722e-05
