epoch,time,train/box_loss,train/cls_loss,train/l1_loss,metrics/precision(B),metrics/recall(B),metrics/mAP50(B),metrics/mAP50-95(B),val/box_loss,val/cls_loss,val/l1_loss,lr/pg0,lr/pg1,lr/pg2
1,3.87665,0.96292,2.29886,0.01337,0.89669,0.65567,0.90384,0.66686,1.58084,0.96612,0.01154,0,0,0
2,7.32161,1.1672,2.43933,0.01393,0.89669,0.65567,0.90384,0.66686,1.58084,0.96612,0.01154,3.9274e-05,3.9274e-05,3.9274e-05
3,10.7135,0.97877,2.76016,0.0208,0.89669,0.65567,0.90384,0.66686,1.58084,0.96612,0.01154,7.77625e-05,7.77625e-05,7.77625e-05
4,14.2861,1.43231,2.23926,0.03047,0.83784,0.67268,0.89635,0.66458,1.592,0.96712,0.01193,0.000115466,0.000115466,0.000115466
5,17.9569,1.30534,2.6363,0.02237,0.83784,0.67268,0.89635,0.66458,1.592,0.96712,0.01193,0.000114288,0.000114288,0.000114288
6,21.455,1.0656,1.74354,0.01445,0.83784,0.67268,0.89635,0.66458,1.592,0.96712,0.01193,0.00011311,0.00011311,0.00011311
7,24.8251,1.23933,2.44636,0.01158,0.7945,0.66694,0.88149,0.66598,1.60233,1.00407,0.01203,0.000111931,0.000111931,0.000111931
8,28.207,0.91296,1.73917,0.00928,0.7945,0.66694,0.88149,0.66598,1.60233,1.00407,0.01203,0.000110753,0.000110753,0.000110753
9,31.7857,1.12896,2.71085,0.01695,0.7945,0.66694,0.88149,0.66598,1.60233,1.00407,0.01203,0.000109575,0.000109575,0.000109575
10,35.8023,0.93843,1.57429,0.00856,0.77685,0.68148,0.83592,0.62384,1.61142,1.026,0.01224,0.000108397,0.000108397,0.000108397
11,39.2781,1.05562,2.0127,0.01244,0.77685,0.68148,0.83592,0.62384,1.61142,1.026,0.01224,0.000107219,0.000107219,0.000107219
12,43.1093,0.911,1.52352,0.01054,0.77685,0.68148,0.83592,0.62384,1.61142,1.026,0.01224,0.000106041,0.000106041,0.000106041
13,46.5181,0.87032,1.56031,0.0158,0.77122,0.66466,0.87726,0.65123,1.60468,1.1356,0.01245,0.000104863,0.000104863,0.000104863
14,50.0035,1.04035,1.61973,0.01233,0.77122,0.66466,0.87726,0.65123,1.60468,1.1356,0.01245,0.000103685,0.000103685,0.000103685
15,53.3855,0.95318,0.98135,0.01164,0.77122,0.66466,0.87726,0.65123,1.60468,1.1356,0.01245,0.000102507,0.000102507,0.000102507
16,56.7673,0.88908,1.75082,0.01876,0.80296,0.63598,0.8846,0.6527,1.60507,1.08612,0.01223,0.000101329,0.000101329,0.000101329
17,61.6465,0.92779,1.50045,0.01259,0.80296,0.63598,0.8846,0.6527,1.60507,1.08612,0.01223,0.00010015,0.00010015,0.00010015
18,64.9233,1.0637,1.40552,0.01343,0.80296,0.63598,0.8846,0.6527,1.60507,1.08612,0.01223,9.89723e-05,9.89723e-05,9.89723e-05
19,68.6582,1.04055,1.1105,0.01214,0.74636,0.66469,0.84263,0.63951,1.60349,1.11602,0.01205,9.77942e-05,9.77942e-05,9.77942e-05
20,72.8815,0.99226,1.26585,0.01344,0.74636,0.66469,0.84263,0.63951,1.60349,1.11602,0.01205,9.66161e-05,9.66161e-05,9.66161e-05
21,76.7087,1.02888,1.77866,0.01918,0.74636,0.66469,0.84263,0.63951,1.60349,1.11602,0.01205,9.5438e-05,9.5438e-05,9.5438e-05
22,80.2319,0.82339,1.05684,0.01279,0.74909,0.65562,0.84634,0.64994,1.59281,1.14206,0.01172,9.42599e-05,9.42599e-05,9.42599e-05
23,83.8381,1.15383,1.31859,0.0117,0.74909,0.65562,0.84634,0.64994,1.59281,1.14206,0.01172,9.30818e-05,9.30818e-05,9.30818e-05
24,87.2993,0.96091,1.0625,0.01158,0.74909,0.65562,0.84634,0.64994,1.59281,1.14206,0.01172,9.19037e-05,9.19037e-05,9.19037e-05
25,90.7223,1.01848,1.5194,0.01542,0.72258,0.67645,0.8144,0.64295,1.65938,1.08556,0.01201,9.07256e-05,9.07256e-05,9.07256e-05
26,94.3541,1.08457,1.12281,0.01772,0.72258,0.67645,0.8144,0.64295,1.65938,1.08556,0.01201,8.95475e-05,8.95475e-05,8.95475e-05
27,98.2921,0.98248,1.20616,0.01038,0.72258,0.67645,0.8144,0.64295,1.65938,1.08556,0.01201,8.83694e-05,8.83694e-05,8.83694e-05
28,102.303,0.99902,1.13793,0.01386,0.68455,0.68333,0.72667,0.56513,1.67884,1.15911,0.01212,8.71913e-05,8.71913e-05,8.71913e-05
29,106.185,1.23816,1.24745,0.01208,0.68455,0.68333,0.72667,0.56513,1.67884,1.15911,0.01212,8.60132e-05,8.60132e-05,8.60132e-05
30,109.549,0.79557,0.81384,0.00967,0.68455,0.68333,0.72667,0.56513,1.67884,1.15911,0.01212,8.48351e-05,8.48351e-05,8.48351e-05
31,112.996,0.85199,0.93306,0.01069,0.64936,0.6632,0.72792,0.5621,1.68679,1.21626,0.01215,8.3657e-05,8.3657e-05,8.3657e-05
32,116.417,1.03652,1.14398,0.01,0.64936,0.6632,0.72792,0.5621,1.68679,1.21626,0.01215,8.24789e-05,8.24789e-05,8.24789e-05
33,119.692,0.97571,1.22941,0.01379,0.64936,0.6632,0.72792,0.5621,1.68679,1.21626,0.01215,8.13008e-05,8.13008e-05,8.13008e-05
34,123.045,0.82348,1.02385,0.01883,0.6323,0.65425,0.72715,0.55754,1.64552,1.3688,0.01194,8.01227e-05,8.01227e-05,8.01227e-05
35,126.464,0.91705,0.99378,0.00877,0.6323,0.65425,0.72715,0.55754,1.64552,1.3688,0.01194,7.89446e-05,7.89446e-05,7.89446e-05
36,129.907,0.77802,0.8196,0.00854,0.6323,0.65425,0.72715,0.55754,1.64552,1.3688,0.01194,7.77665e-05,7.77665e-05,7.77665e-05
37,133.444,0.91273,1.08275,0.01704,0.60976,0.49851,0.68521,0.52683,1.61462,1.58756,0.01116,7.65884e-05,7.65884e-05,7.65884e-05
38,136.775,0.95083,0.96282,0.01212,0.60976,0.49851,0.68521,0.52683,1.61462,1.58756,0.01116,7.54103e-05,7.54103e-05,7.54103e-05
39,140.193,1.00359,1.44369,0.0164,0.60976,0.49851,0.68521,0.52683,1.61462,1.58756,0.01116,7.42322e-05,7.42322e-05,7.42322e-05
40,143.47,1.15657,1.47682,0.01692,0.60314,0.49143,0.64097,0.45992,1.9053,1.26164,0.01605,7.30541e-05,7.30541e-05,7.30541e-05
41,146.78,0.85451,0.8006,0.01089,0.60314,0.49143,0.64097,0.45992,1.9053,1.26164,0.01605,7.1876e-05,7.1876e-05,7.1876e-05
42,149.967,0.97043,1.2012,0.0122,0.60314,0.49143,0.64097,0.45992,1.9053,1.26164,0.01605,7.06979e-05,7.06979e-05,7.06979e-05
43,153.284,0.47712,2.08528,0.00911,0.56434,0.48419,0.62986,0.45616,1.89994,1.30086,0.01613,6.95198e-05,6.95198e-05,6.95198e-05
44,156.647,0.77535,0.78188,0.01069,0.56434,0.48419,0.62986,0.45616,1.89994,1.30086,0.01613,6.83417e-05,6.83417e-05,6.83417e-05
45,159.821,0.63672,0.85815,0.00984,0.56434,0.48419,0.62986,0.45616,1.89994,1.30086,0.01613,6.71636e-05,6.71636e-05,6.71636e-05
46,163.053,1.13686,1.04038,0.0154,0.60948,0.45568,0.63741,0.45978,1.83166,1.39395,0.01551,6.59855e-05,6.59855e-05,6.59855e-05
47,166.424,0.81602,0.60533,0.00874,0.60948,0.45568,0.63741,0.45978,1.83166,1.39395,0.01551,6.48074e-05,6.48074e-05,6.48074e-05
48,169.879,0.76241,0.73339,0.00867,0.60948,0.45568,0.63741,0.45978,1.83166,1.39395,0.01551,6.36293e-05,6.36293e-05,6.36293e-05
49,173.305,1.03382,1.17269,0.01393,0.60245,0.45547,0.6387,0.46166,1.91087,1.33061,0.0162,6.24512e-05,6.24512e-05,6.24512e-05
50,176.493,0.84594,0.64651,0.01062,0.60245,0.45547,0.6387,0.46166,1.91087,1.33061,0.0162,6.12731e-05,6.12731e-05,6.12731e-05
51,179.684,0.83106,0.76508,0.00994,0.60245,0.45547,0.6387,0.46166,1.91087,1.33061,0.0162,6.0095e-05,6.0095e-05,6.0095e-05
52,182.997,0.97644,0.63916,0.00807,0.62622,0.46249,0.67523,0.47097,1.8685,1.45821,0.01614,5.89169e-05,5.89169e-05,5.89169e-05
53,186.252,0.79477,0.68825,0.01159,0.62622,0.46249,0.67523,0.47097,1.8685,1.45821,0.01614,5.77388e-05,5.77388e-05,5.77388e-05
54,189.498,1.02586,1.18091,0.01724,0.62622,0.46249,0.67523,0.47097,1.8685,1.45821,0.01614,5.65607e-05,5.65607e-05,5.65607e-05
55,193.012,0.9184,0.66952,0.00927,0.58738,0.46516,0.67512,0.46833,1.94746,1.36451,0.01683,5.53826e-05,5.53826e-05,5.53826e-05
56,196.299,0.91545,0.97651,0.00888,0.58738,0.46516,0.67512,0.46833,1.94746,1.36451,0.01683,5.42045e-05,5.42045e-05,5.42045e-05
57,199.757,0.72272,0.69917,0.008,0.58738,0.46516,0.67512,0.46833,1.94746,1.36451,0.01683,5.30264e-05,5.30264e-05,5.30264e-05
58,203.057,0.75781,0.61362,0.0066,0.77101,0.45806,0.63151,0.44996,1.96008,1.39505,0.01684,5.18483e-05,5.18483e-05,5.18483e-05
59,206.345,1.07549,0.70481,0.01697,0.77101,0.45806,0.63151,0.44996,1.96008,1.39505,0.01684,5.06702e-05,5.06702e-05,5.06702e-05
60,209.691,1.02011,1.21257,0.01694,0.77101,0.45806,0.63151,0.44996,1.96008,1.39505,0.01684,4.94921e-05,4.94921e-05,4.94921e-05
61,213.072,0.68544,0.60631,0.00738,0.75773,0.46388,0.67252,0.45412,1.9666,1.49967,0.0172,4.8314e-05,4.8314e-05,4.8314e-05
62,216.628,0.65314,0.88698,0.01064,0.75773,0.46388,0.67252,0.45412,1.9666,1.49967,0.0172,4.71359e-05,4.71359e-05,4.71359e-05
63,219.832,1.17237,1.79441,0.0231,0.75773,0.46388,0.67252,0.45412,1.9666,1.49967,0.0172,4.59578e-05,4.59578e-05,4.59578e-05
64,223.5,0.86991,0.79562,0.00866,0.75774,0.45997,0.63651,0.42654,1.98193,1.50328,0.01754,4.47797e-05,4.47797e-05,4.47797e-05
65,226.82,0.76315,0.51199,0.00866,0.75774,0.45997,0.63651,0.42654,1.98193,1.50328,0.01754,4.36016e-05,4.36016e-05,4.36016e-05
66,229.985,0.7342,0.52579,0.01207,0.75774,0.45997,0.63651,0.42654,1.98193,1.50328,0.01754,4.24235e-05,4.24235e-05,4.24235e-05
67,233.248,0.74301,0.41403,0.00685,0.75352,0.46842,0.6776,0.43894,1.98846,1.49943,0.01759,4.12454e-05,4.12454e-05,4.12454e-05
68,236.545,0.98013,0.83997,0.01058,0.75352,0.46842,0.6776,0.43894,1.98846,1.49943,0.01759,4.00673e-05,4.00673e-05,4.00673e-05
69,239.841,0.76854,0.71482,0.01075,0.75352,0.46842,0.6776,0.43894,1.98846,1.49943,0.01759,3.88892e-05,3.88892e-05,3.88892e-05
70,243.136,1.09924,0.89542,0.01731,0.75825,0.46703,0.67837,0.43736,1.99912,1.49696,0.01788,3.77111e-05,3.77111e-05,3.77111e-05
71,246.473,0.64385,0.58137,0.00502,0.75825,0.46703,0.67837,0.43736,1.99912,1.49696,0.01788,3.6533e-05,3.6533e-05,3.6533e-05
72,249.648,0.79984,0.55632,0.00693,0.75825,0.46703,0.67837,0.43736,1.99912,1.49696,0.01788,3.53549e-05,3.53549e-05,3.53549e-05
73,253.139,0.73931,0.67134,0.0086,0.78122,0.46476,0.67917,0.4366,2.00435,1.5504,0.01794,3.41768e-05,3.41768e-05,3.41768e-05
74,256.51,0.87394,0.72949,0.01054,0.78122,0.46476,0.67917,0.4366,2.00435,1.5504,0.01794,3.29987e-05,3.29987e-05,3.29987e-05
75,259.7,1.04898,1.1485,0.01807,0.78122,0.46476,0.67917,0.4366,2.00435,1.5504,0.01794,3.18206e-05,3.18206e-05,3.18206e-05
76,263.529,0.7833,0.71931,0.00858,0.75305,0.4668,0.69202,0.4396,2.00768,1.49446,0.01818,3.06425e-05,3.06425e-05,3.06425e-05
77,266.994,0.82165,0.68588,0.00901,0.75305,0.4668,0.69202,0.4396,2.00768,1.49446,0.01818,2.94644e-05,2.94644e-05,2.94644e-05
78,270.38,1.04237,1.03596,0.01178,0.75305,0.4668,0.69202,0.4396,2.00768,1.49446,0.01818,2.82863e-05,2.82863e-05,2.82863e-05
79,273.894,0.60801,0.52635,0.00625,0.75798,0.45488,0.68541,0.43527,2.01515,1.51721,0.01811,2.71082e-05,2.71082e-05,2.71082e-05
80,277.311,0.76841,0.58895,0.00884,0.75798,0.45488,0.68541,0.43527,2.01515,1.51721,0.01811,2.59301e-05,2.59301e-05,2.59301e-05
81,280.508,0.73418,0.76801,0.014,0.75798,0.45488,0.68541,0.43527,2.01515,1.51721,0.01811,2.4752e-05,2.4752e-05,2.4752e-05
82,283.909,0.66263,0.41321,0.01166,0.76693,0.45038,0.68943,0.44176,2.00239,1.49128,0.01789,2.35739e-05,2.35739e-05,2.35739e-05
83,287.271,0.97186,1.01419,0.01356,0.76693,0.45038,0.68943,0.44176,2.00239,1.49128,0.01789,2.23958e-05,2.23958e-05,2.23958e-05
84,290.576,0.57216,0.52057,0.00887,0.76693,0.45038,0.68943,0.44176,2.00239,1.49128,0.01789,2.12177e-05,2.12177e-05,2.12177e-05
85,294.025,0.71469,0.68179,0.0082,0.82568,0.44467,0.68904,0.43711,2.01064,1.53162,0.01822,2.00396e-05,2.00396e-05,2.00396e-05
86,297.396,1.03277,1.44068,0.01962,0.82568,0.44467,0.68904,0.43711,2.01064,1.53162,0.01822,1.88615e-05,1.88615e-05,1.88615e-05
87,300.806,0.93089,0.82421,0.01067,0.82568,0.44467,0.68904,0.43711,2.01064,1.53162,0.01822,1.76834e-05,1.76834e-05,1.76834e-05
88,304.126,0.61185,0.57403,0.00997,0.82796,0.44482,0.69758,0.4413,2.0059,1.54335,0.01815,1.65053e-05,1.65053e-05,1.65053e-05
89,307.6,1.02759,0.90806,0.01418,0.82796,0.44482,0.69758,0.4413,2.0059,1.54335,0.01815,1.53272e-05,1.53272e-05,1.53272e-05
90,310.883,0.69115,0.63231,0.00704,0.82796,0.44482,0.69758,0.4413,2.0059,1.54335,0.01815,1.41491e-05,1.41491e-05,1.41491e-05
91,314.228,0.55952,0.31894,0.00915,0.82974,0.44158,0.68823,0.43742,2.03348,1.51913,0.01828,1.2971e-05,1.2971e-05,1.2971e-05
92,317.57,0.55212,0.37404,0.00608,0.82974,0.44158,0.68823,0.43742,2.03348,1.51913,0.01828,1.17929e-05,1.17929e-05,1.17929e-05
93,320.847,0.9168,0.72881,0.01643,0.82974,0.44158,0.68823,0.43742,2.03348,1.51913,0.01828,1.06148e-05,1.06148e-05,1.06148e-05
94,324.291,0.63749,0.39525,0.0071,0.83747,0.43559,0.68299,0.43717,1.98503,1.48494,0.01755,9.4367e-06,9.4367e-06,9.4367e-06
95,327.69,1.10562,0.7073,0.0207,0.83747,0.43559,0.68299,0.43717,1.98503,1.48494,0.01755,8.2586e-06,8.2586e-06,8.2586e-06
96,330.91,0.63853,0.48104,0.01105,0.83747,0.43559,0.68299,0.43717,1.98503,1.48494,0.01755,7.0805e-06,7.0805e-06,7.0805e-06
97,334.282,0.56592,0.33272,0.00627,0.83753,0.44595,0.67963,0.45496,1.97029,1.48236,0.01728,5.9024e-06,5.9024e-06,5.9024e-06
98,337.938,0.70921,0.5574,0.0124,0.83753,0.44595,0.67963,0.45496,1.97029,1.48236,0.01728,4.7243e-06,4.7243e-06,4.7243e-06
99,342.695,0.56282,0.51893,0.00641,0.83753,0.44595,0.67963,0.45496,1.97029,1.48236,0.01728,3.5462e-06,3.5462e-06,3.5462e-06
100,346.78,0.61003,0.53447,0.00623,0.83329,0.44141,0.67261,0.45488,1.96161,1.48842,0.017,2.3681e-06,2.3681e-06,2.3681e-06
